comment,Llama_Label,Llama_Reason,Mistral_Label,Mistral_Reason,Falcon_Label,Falcon_Reason,Final_Consensus_Label,Agreement_Score
They know everyone has turned off Amber Alerts so they do this crap.,notification management capability,User discusses disabling system functionality.,notification management capability,User discusses disabling system functionality (matches 'Turned alerts off' snippet).,notification management capability,"The user discusses disabling system functionality, which aligns with the 'Turned alerts off' snippet under Notification Management Capability.",notification management capability,100.0
"Yeah I have all alerts off now after that 4am blue alert 😅

The weather channel app can alert me of those tornadoes",notification management capability,User discusses disabling system functionality and mentions an alternative platform for receiving alerts.,multiplatform integration capability,Suggests alternative platform (matches 'Multiplatform' definition).,notification management capability,The user discusses managing their alert settings and mentions an alternative app for weather alerts.,notification management capability,66.67
Same !! Haha,none,Conversational noise.,none,Conversational noise.,none,"This comment is a simple reaction or acknowledgment, showing agreement or amusement, without any specific reference to the system capabilities or functionalities.",none,100.0
"You know, the crazy thing about that situation is that the guy ended up getting caught in Fort Worth lmaooo",updating capability,Provides status update on the case.,updating capability,Provides status update on the case.,keynoting capability,"The comment provides a piece of information about the location where the suspect was caught, which is a critical detail in the context of the case.",updating capability,66.67
If we have them all turned off then we won’t be ready when the civil war erupts.,none,"The comment discusses a hypothetical scenario unrelated to the system mechanics or its features, but rather a political statement.",none,"Political statement, unrelated to system mechanics.",notification management capability,"The comment discusses turning off alerts, which relates to managing notifications.",none,66.67
Oh my god that's why i got it?!?! I have amber alerts turned off and was trying to figure out how it got turned back on. Fuck this state,notification management capability,User discusses settings/overriding 'off' switch and expresses frustration about receiving an alert despite having turned it off.,notification management capability,User discusses managing/removing software and expresses frustration.,notification management capability,"The user discusses managing/overriding the 'off' switch for alerts, indicating a focus on notification management settings.",notification management capability,100.0
[deleted],none,"The comment is deleted, which means it's not providing any useful information for analysis.",none,"The comment is deleted, making it impossible to determine the exact content. However, it could potentially fall under any category if it contained relevant information.",none,"The comment is deleted, indicating it may have been inappropriate or irrelevant.",none,100.0
I thought I had read that date incorrectly. Child is in imminent danger?  For 5 months?,threat intelligence capability,Questions the urgency/threat level of the situation.,threat intelligence capability,Questions the urgency/threat level.,threat intelligence capability,"The comment questions the urgency and duration of the situation, suggesting a need for clarification on the threat level and timeline.",threat intelligence capability,100.0
I was thinking the same thing like wtf are they waiting for so long to report it.,threat intelligence capability,"The user is questioning the delay in reporting, which implies a concern about the urgency or threat level of the situation.",threat intelligence capability,Questions the urgency/threat level of the alert.,threat intelligence capability,"The comment expresses surprise and frustration about the delay in reporting, indicating a concern about the urgency or threat level.",threat intelligence capability,100.0
After 5 months the exigency is gone 🤷‍♂️,threat intelligence capability,The user is questioning the urgency/threat level of the situation after a prolonged period.,threat intelligence capability,Questions the urgency/threat level.,threat intelligence capability,The comment discusses the diminishing urgency or importance of the case after a long period.,threat intelligence capability,100.0
I thought they were not supposed to put out an Amber Alert for non-custodial parents?,threat intelligence capability,"The user is questioning the criteria for issuing Amber Alerts, specifically mentioning non-custodial parents, which is a context that affects the urgency/threat level.",threat intelligence capability,Questions the validity of the alert based on the context of the situation.,threat intelligence capability,"The comment questions the criteria for issuing an Amber Alert, specifically about non-custodial parents.",threat intelligence capability,100.0
there's a lot of stuff they're not supposed to do but they abuse it anyway. gonna end up with everyone turning everything off and they won't have a system at all anymore,notification management capability,"User discusses the potential consequences of system abuse, specifically users turning off the system due to misuse.",notification management capability,"User discusses system misuse and potential consequences, which relates to the Notification Management Capability.",notification management capability,The comment discusses the potential consequences of system misuse and the subsequent user response (turning off alerts).,notification management capability,100.0
"depends.. if someone lost custody and grabbed the child and ran that is technically kidnapping.

I don’t like it being blasted everywhere for familial disputes but i’d also rather get ones where a child being taken is involved than get nothing at all",affective communication capability,"The user discusses the nuances of the situation, specifically the distinction between kidnapping and familial disputes, and expresses a preference for receiving alerts about child abductions over other types of alerts.",threat intelligence capability,User discusses the context of what constitutes kidnapping and their preference for alerts related to child abductions. This comment touches upon the definition of Threat Intelligence Capability and Helping Capability.,threat intelligence capability,"The comment discusses the importance of distinguishing between different types of cases, specifically highlighting the difference between familial disputes and cases involving a child being taken (kidnapping). This reflects a concern for prioritizing certain types of alerts over others, which aligns with the Threat Intelligence Capability.",threat intelligence capability,66.67
Probably depends on if they’re violent.,threat intelligence capability,"The user is questioning the urgency/threat level of the situation, which is related to the threat level or danger posed by the individuals involved.",threat intelligence capability,Questions the urgency/threat level.,threat intelligence capability,"The comment suggests a level of threat or danger, which aligns with the Threat Intelligence Capability definition.",threat intelligence capability,100.0
"It’s because they had recently found the vehicle they’d been in, but were still not able to find the people. So they put out the alert. Not saying I agree with it happening, but that’s why it did.",updating capability,"The comment provides a specific reason for the alert being sent, which is related to the status update of the investigation (vehicle found, people still missing).",updating capability,Provides investigation details (Vehicle found but people not found).,updating capability,"The comment provides an update on the status of the case, specifically mentioning that the vehicle was found but the people were not.",updating capability,100.0
So since that day the child's been.. independent of the parents?,updating capability,"The comment is inquiring about the child's status after the incident, which implies a desire for an update on the case.",keynoting capability,"Questions the context of the situation, possibly inferring family dynamics.",updating capability,"The comment discusses the child's status post-incident, which could be related to updating the status or providing information about the child's situation.",updating capability,66.67
"The abductor has the same last name as the child, so this is most likely a custody/domestic dispute.  Even less reason I want to be involved.",keynoting capability,"Infers context about the people involved, specifically mentioning a possible connection between the abductor and the child.",keynoting capability,Infers context about the people involved (Keynoting Capability).,threat intelligence capability,"The comment infers context about the people involved and suggests a domestic situation, which aligns with the Threat Intelligence Capability definition of flagging threat levels or urgency.",keynoting capability,66.67
You do realize parents are capable of harming their children too?,threat intelligence capability,"The comment is a statement about a potential threat level, specifically mentioning a type of threat that is not typically associated with Amber Alerts (which are usually for abducted children).",none,Comment is discussing a different topic unrelated to the IT capabilities of the system.,threat intelligence capability,"This comment introduces a broader context about the nature of threats, suggesting that not all cases involve external threats but could also include domestic situations.",threat intelligence capability,66.67
Of course.  But I don’t know of any way to tell from an amber alert if that’s the case.  They trashed any trust they may have had with the public by abusing the system and flooding our phones with Amber Alerts where it was not the case.  You can only cry wolf so many times.,notification management capability,"The user discusses the system's abuse and lack of trust due to excessive alerts, which relates to the user's experience with the system's functionality.",threat intelligence capability,User expresses concern about the reliability of Amber Alerts due to false alerts.,threat intelligence capability,"The comment discusses the reliability and trustworthiness of the system, specifically questioning the validity of alerts and the potential for abuse.",threat intelligence capability,66.67
"Had all my alerts turned off except ""Extreme Threats"" and still got this Amber alert. At this point, I don't trust the Emergency Alert System sent out by Texas anymore,



So I just forcefully uninstalled it.


**Uninstalled using ADB (no root needed):** 
`pm uninstall -k --user 0 com.android.cellbroadcastreceiver` 
`pm uninstall -k --user 0 com.google.android.cellbroadcastreceiver`


Installed Red Cross Emergency App:
https://www.redcross.org/get-help/how-to-prepare-for-emergencies/mobile-apps.html


No more miscategorized Amber and Blue alerts as ""Public Emergency"". App also respects do not disturb mode by default.",notification management capability,"User discusses managing/removing software and mentions turning off alerts, which aligns with the definition of Notification Management Capability.",notification management capability,User discusses managing/removing software.,notification management capability,The user discusses managing and uninstalling the Amber Alert app due to dissatisfaction with the system's reliability and functionality.,notification management capability,100.0
"Nice! If it keeps up, I'm doing this.",affective communication capability,"The user expresses a positive sentiment towards the system's performance and implies they will continue to use it, which suggests engagement and motivation.",engagement capability,"User expresses positive sentiment towards the system, indicating potential engagement.",rewarding capability,"The comment expresses excitement and a desire to participate, indicating a motivational or rewarding aspect.",affective communication capability,33.33
"On the one hand I feel you, on the other tornadoes.",none,"The comment is a casual, conversational statement that does not relate to any of the IT capabilities listed in the definitions.",none,"Conversational noise, unrelated to system mechanics.",affective communication capability,"The comment expresses a mixed emotional response, indicating a blend of empathy and concern about a different issue (tornadoes).",none,66.67
"Get the MyRadar app. It is extremely accurate on heavy rain, flood, and tornado alerts. And even the free version is customizable to what alerts you want to receive. And only minor crawl ads across the bottom, which don’t affect the maps, settings, or alerts. It’s what an app like this should be.",multiplatform integration capability,"The user suggests an alternative platform for receiving alerts, specifically mentioning customization options and minimal ads.",multiplatform integration capability,Suggests alternative platform for alerts (matches 'Multiplatform' definition).,multiplatform integration capability,"The comment suggests an alternative app (MyRadar) that provides accurate weather alerts and customizable settings, highlighting its features such as maps and alerts.",multiplatform integration capability,100.0
"There are other apps for tornadoes, though. Red Cross Emergency app is what I use.",multiplatform integration capability,Suggests alternative platform for alerts.,multiplatform integration capability,Suggests alternative platform (matches 'Multiplatform' definition).,multiplatform integration capability,"The comment suggests using an alternative app for tornado alerts, indicating a preference for a different platform.",multiplatform integration capability,100.0
"Is there a way to do this on iPhone and can you do it for national alerts? I don’t need the government sending out blast alerts I already get enough political junk texts.

Sorry not a huge tech nerd.",helping capability,"The user is asking for help/guidance on settings and also expresses a desire to manage notifications, specifically for national alerts and political junk texts.",reporting capability,Asking for help/guidance on settings for national alerts on iPhone.,multiplatform integration capability,"The comment asks for compatibility with an iPhone and discusses managing national alerts, indicating a need for multiplatform integration and notification management.",helping capability,33.33
Who cares.  It's not your kid that's missing.  Am I right or what?   JFC.,affective communication capability,"The comment expresses a negative sentiment and dismissive attitude towards the situation, implying that the speaker is not invested in the case because it doesn't affect them personally.",none,"Irrelevant complaint, expressing indifference towards the missing child.",affective communication capability,"This comment expresses indifference and frustration, likely about receiving an Amber Alert that doesn't concern them personally.",affective communication capability,66.67
I pay my taxes now leave me alone 😂,none,"The comment is a complaint about being bothered or interrupted, but it does not relate to the system mechanics or features of the IT capabilities.",none,Irrelevant complaint.,none,This comment is a general complaint unrelated to the system's capabilities or features.,none,100.0
Someone's child is missing,none,"The comment is a statement about a missing child, which implies a need for information or action, but it does not contain any specific details or context that would allow for further analysis or categorization under the provided definitions.",threat intelligence capability,"The comment mentions a missing child, which is related to the Threat Intelligence Capability as it implies a potential danger or urgency.",none,"This comment is a general statement about a child being missing, without providing specific details or actions.",none,66.67
"Yes, but it's not really relevant to me when a kid went missing in Houston, I'm in Lubbock and never leave the house. I had public safety alerts on for a reason, not for Amber Alerts.",mapping capability,Complains about distance/relevance (Geofencing).,mapping capability,Complains about distance/relevance (Geofencing).,mapping capability,"The user is discussing the relevance of alerts based on their location and lifestyle, indicating a concern about geofencing and possibly the notification management of the system.",mapping capability,100.0
"They generally target amber alerts to the area if the abduction, and areas the abductor is connected to. So if the child was abducted in Heartland, but the suspected parent is from Lubbock, they would include Lubbock in the alert.",mapping capability,"The comment discusses the geolocation and area targeting of Amber Alerts, which is related to how the system maps and visualizes the location of the abduction and the abductor.",threat intelligence capability,Provides information about the system's targeting strategy for Amber Alerts.,mapping capability,"The comment discusses how the system targets specific areas based on geolocation and connections, which aligns with the Mapping Capability definition.",mapping capability,66.67
"They generally target amber alerts to the area if the abduction, and areas the abductor is connected to. So if the child was abducted in Heartland, but the suspected parent is from Lubbock, they would include Lubbock in the alert.",mapping capability,"The comment discusses the geolocation and area targeting of Amber Alerts, which is related to how the system maps and visualizes the location of the abduction and the abductor.",threat intelligence capability,Provides information about the system's targeting strategy for Amber Alerts.,mapping capability,"The comment discusses how the system targets specific areas based on geolocation and connections, which aligns with the Mapping Capability definition.",mapping capability,66.67
"I still don't leave the house. 😆  

I had the alerts on back when I lived in Dallas and drove everywhere. But I sold my car several years ago after being work from home for a nearly a decade. Got sick of replacing the car battery.",notification management capability,"The user discusses their past experience with the system and how it affected their behavior (leaving the house), but also mentions a personal reason for disabling the system (car battery replacement).",notification management capability,"User mentions having Amber Alerts turned off in the past (matches 'Turned alerts off' snippet). The comment also discusses the reason for turning off the alerts, which is related to no longer owning a car. However, the comment does not directly discuss the system mechanics or capabilities.",notification management capability,"The user discusses their decision to turn off alerts due to lifestyle changes, specifically selling their car and working from home.",notification management capability,100.0
Fair enough 🤭,none,"The comment is a non-substantial, non-informative response, which is typical of conversational noise.",none,"Conversational noise, expressing agreement.",none,"This comment is a casual, conversational remark, likely indicating agreement or acknowledgment.",none,100.0
The child and the “abductor” both have the same last name.  Probably the mother.  This is a domestic dispute.  Most Amber Alerts are.,keynoting capability,"The user is inferring context about the people involved in the case, specifically the relationship between the child and the abductor.",keynoting capability,Infers context about the people involved.,keynoting capability,"The comment infers context about the people involved, suggesting a domestic dispute.",keynoting capability,100.0
"Some parents are dangerous to the child, which is why they’re not supposed to have the child. Hence still a domestic dispute, but the child is in danger. I agree a lot of the time it’s just a custody thing but these people are breaking the law and they know it. Maybe they snapped but still not a good environment for a child when the parent in charge isn’t thinking clearly",keynoting capability,"The comment discusses the context of the situation, specifically the potential danger to the child due to the parents' behavior, which is a critical detail in the case.",keynoting capability,"Infers context about the people involved (domestic dispute, danger to the child).",threat intelligence capability,"The comment discusses the potential danger to a child due to a parent's behavior, suggesting a threat level and the urgency of the situation.",keynoting capability,66.67
The kid was last seen in JULY. News articles would’ve been better to benefit the case rather than the annoying bs they pull. They could literally be anywhere at this point.,threat intelligence capability,"The user is discussing the age of the case and the effectiveness of the alert system, which implies they are questioning the urgency and relevance of the alert.",threat intelligence capability,Questions the timeliness and effectiveness of the alert system.,updating capability,"The comment discusses the lack of timely updates and the potential for the child to be anywhere, indicating a need for more effective updating and retrieval capabilities.",threat intelligence capability,66.67
[removed],none,"The comment is removed, which means it's not providing any useful information for analysis.",none,"The comment does not provide any specific details or discuss system mechanics, emotional tone, or relevant information related to the IT Capabilities. It appears to be a generic statement without context.",none,Parse Error,none,100.0
Something dangerous and 400 to 600 miles from DFW most of the time.,mapping capability,The comment provides a geolocation detail (distance from DFW) which is a form of mapping information.,mapping capability,Provides information about the distance from a specific location (DFW). This matches the definition of Mapping Capability.,threat intelligence capability,"The comment mentions a threat level (dangerous) and distance (400 to 600 miles from DFW), which aligns with the definition of Threat Intelligence Capability.",mapping capability,66.67
"I'd take things so much more seriously if they had a fraction of a chance of being remotely relevant  to my zip code. 

Amber alert in a town 6 hours away

Silver alert in a town 11 hours away

Hail and tornado warning in a town 1.5 hours away

All the texas alert system does is cry wolf for more than half the state at any given time.",mapping capability,"User discusses geolocation relevance and the system's tendency to send alerts for distant locations, which is related to the geofencing aspect of the system.",mapping capability,User complains about irrelevance of alerts to their location.,mapping capability,"The comment discusses the relevance and effectiveness of alerts based on distance and context, indicating a concern about the system's geofencing and prioritization.",mapping capability,100.0
"Wow! It’s amazing to see there’s finally one comment/person that gets it. I totally understand how annoying it could be to get a loud disturbing alert while you’re just trying to live/sleep. But cmon it’s a child, it’s a little baby. Tomorrow, it could be yours ( I pray not though) but imagine if it is yours, and you know there are people out there that hate the fact that they’re going to get an alert on their phone about a missing child. Kind of scary, how we prioritize certain things more than the other, while the other thing should actually be something we all care about even more. Again, no hate to others! It’s just scary to see y’all be triggered and annoyed by an alert that’s talking about a MISSING CHILD.  Sadly, a lot of these kids that go missing, are never found (one can only imagine what life they live). A small percentage are found because of these amber alerts. I’d rather get all the alerts necessary if at all it could even help 1 child. ☺️",affective communication capability,"The user discusses the importance of receiving Amber Alerts, even if it means being disturbed, to help find missing children, and expresses empathy for the families of missing children.",affective communication capability,Discusses the importance of Amber Alerts and the urgency of finding missing children. Emphasizes the significance of prioritizing the safety of children over personal convenience.,affective communication capability,"The comment discusses the importance of receiving alerts about missing children, acknowledging the emotional impact and the potential benefits of such alerts. It also touches on the prioritization of different issues and the role of Amber Alerts in potentially saving a child's life.",affective communication capability,100.0
"That's your wishful thinking. That every one will be willing to tolerate the alert, pay attention to it even, and help with locating the missing child. 

Here is the reality: Most people don't care. They are already trying to make it through the day - a random child in danger in a random location (the state is huge) which most likely they have no chance of helping in anyway isn't something they will pay attention to. Hence, they turn off the alert when it becomes too annoying because it is basically useless.

Until they can figure out making it location specific, people are going to turn off alerts because it's not meaningful at all. They might as well be alerting about crimes in New York.",notification management capability,"The user discusses the effectiveness of the alert system, specifically how people turn off the alerts because they are not location-specific and feel useless.",mapping capability,"Discusses the lack of engagement and relevance of alerts, suggesting location-specific alerts.",engagement capability,"The comment discusses the lack of engagement and the annoyance caused by alerts, suggesting that people turn them off due to irrelevance and annoyance.",notification management capability,33.33
"I get what you’re saying. If it’s specific it may make everything a little easier, thus, people won’t turn off their alerts. But kidnappers don’t really leave a lot of clues you know. Sometimes it is difficult to pin point where the kid could have been picked up. Or where the kidnapper (be it a parent or someone random) could be heading towards. Honestly, I wouldn’t be surprised if a kid is picked up at location A and been taken to location B which could be an hour or 2 or even 3 hours away( no one’s going to stay in one location if they plan on taking away a child). Wouldn’t then it be obvious for people surrounding a town that maybe be even 300 miles away receive an amber alert. Definitely, no one likes getting 5 to 10 alerts per day. But if it were like this - either you get an alert or not. I would choose to get one, because you never really know if you could end up helping someone. Again, I don’t think people who are complaining about amber alerts don’t want to help kids, I don’t think that at all. No one is that selfish, I get it. But to turn off your alerts, or have such a huge issue with it. It’s a little too much. I see comments where people say it’s just another parent who took away the kid. Family dispute only and blah blah blah. But that still could be very dangerous, you never know if the kid is actually safe. A lot of these kids that are picked up by another parent are never found. Many of them even murdered or taken away by abusive individuals. Just the thought of that is scary. So yeah, I may be a little naive and very optimistic about these annoying alerts.. but out of 10 not very specific alerts, if even one or two could actually help out a kid in need, I’d be cool with it. Without a thought or doubt, I’d be cool with it. 😅",threat intelligence capability,"The user discusses the effectiveness of Amber Alerts, specifically mentioning the importance of specificity in the alerts and the potential for kidnappers to move the child to a different location, making it difficult to pinpoint the exact location. They also mention the potential for false positives and the importance of receiving alerts even if it means receiving some false alarms.",affective communication capability,"Discusses the importance of receiving Amber Alerts, even if they are not specific, as they could potentially help in finding a missing child. Argues that kidnappers may not leave many clues and could travel long distances.",affective communication capability,"The comment discusses the importance of specific details for alerts, the difficulty in pinpointing locations, and the potential benefits of receiving alerts even if they are not always specific. It also touches on the emotional aspect of not wanting to miss a chance to help.",affective communication capability,66.67
"It's not out of ten. Every one of those alerts is alerting millions of people. Probably causing a few random auto accidents, either directly or through lost sleep. Alerting the perpetrator as to *exactly* what clues he needs to change, assuming there even is a perpetrator (something like 1 in 6 are *outright hoaxes*. And certainly not doing a lick of good.",none,"The user discusses the potential consequences of the alerts, including causing accidents, lost sleep, and potentially alerting the perpetrator, which implies a concern about the system's effectiveness and potential drawbacks.",threat intelligence capability,"Discusses potential negative effects of alerts on road safety, sleep, and the possibility of hoaxes.",notification management capability,"The comment discusses the impact of alerts on people's lives, mentioning sleep disturbance and potential accidents, which aligns with the 'Notification Management Capability'. It also questions the effectiveness of the alerts, touching on the broader implications of the system.",none,33.33
"Yeah you’re so empathetic bro. People having literal fucking seizures or panic attacks over those obnoxious PTSD-provoking sirens are just experiencing mild inconveniences, sure. Considering that they’re not helping anyone with this and have no relation to any crimes, they still should suffer, so just parents experiencing grief wouldn’t be so resentful, great idea!
Amber alert system is useful, for sure, but they made it optional for a reason. I wish it could be possible to turn those notifications to vibration-only mode, though, as a compromise.",notification management capability,"The user discusses managing/removing software and turning off notifications, which is related to the system's functionality and user settings.",affective communication capability,"User expresses negative sentiment towards the Amber Alert system, discussing its impact on people with PTSD and the option to turn off notifications. The user also suggests a compromise for the system (vibration-only mode).",notification management capability,"The comment discusses the annoyance and inconvenience caused by the loud sirens of the Amber Alert system, suggesting a compromise by turning notifications to vibration-only mode.",notification management capability,66.67
I attended a presentation recently and they said anytime they post these parent abduction Amber Alerts is because there was attempted murder or attempted serious bodily harm to get the child or to flee with the child.,threat intelligence capability,"The comment discusses the context behind the issuance of Amber Alerts, specifically mentioning attempted murder or serious bodily harm, which relates to the threat level or urgency of the situation.",threat intelligence capability,User provides information about the context and urgency of Amber Alerts. This matches the definition of Threat Intelligence Capability.,threat intelligence capability,"The comment discusses the criteria for posting Amber Alerts, specifically mentioning the severity of the crime (attempted murder or serious bodily harm).",threat intelligence capability,100.0
Almost all of them are custody disputes. It can be as stupid as bringing a child back late as you lost a tire on the way back from a weekend trip. Very few of them were in peril.,affective communication capability,"The user is discussing the nature and context of the alerts they receive, specifically the types of situations that trigger them, and the perceived severity of the situations.",threat intelligence capability,"User questions the urgency and threat level of Amber Alerts, suggesting many are non-emergency situations. This matches the 'Threat Intelligence Capability' definition.",threat intelligence capability,"The comment discusses the nature and frequency of cases, suggesting a focus on the context and perceived seriousness of the alerts.",threat intelligence capability,66.67
It's still a missing child. I hope none of your kids or kids you're close to go missing with how heartless you are about it.,affective communication capability,"The user expresses emotional concern and empathy for the missing child, criticizing others for being heartless.",affective communication capability,User expresses emotional support and concern for missing children.,affective communication capability,"The comment expresses concern and empathy for the situation, indicating a focus on emotional support and motivation.",affective communication capability,100.0
"Perhaps you’ve heard the story about the boy who cried “Wolf!” …?

Without a license plate, and with scarce details (black female with pre-teen black male) IMHO this particular alert does more harm than good, by increasing the # of people turning off public safety alerts.",threat intelligence capability,"The user discusses the potential harm of the alert system, specifically mentioning the lack of details (black female with pre-teen black male) and the potential for people to turn off public safety alerts.",threat intelligence capability,"Questions the usefulness of the alert due to lack of specific details and potential for false alarms, which may lead to people turning off public safety alerts. This comment implies a need for Keynoting Capability and Threat Intelligence Capability.",notification management capability,"The comment discusses the potential harm caused by alerts with insufficient details, suggesting that people might turn off alerts as a result. This ties into the concept of 'Notification Management Capability' as it involves managing or adjusting alert settings based on perceived value or relevance.",threat intelligence capability,66.67
"You’re talking about a mother “stealing” her own child.  Can a child really be missing when it’s with its mother?  

Perhaps the father is a better parent, or perhaps she is.  Supporting either one without any other information is sheer hubris.  You’ve got a 50% chance of picking the wrong parent, and making things worse.  Better to let them deal with their own issues.  

And before you mention it, I don’t consider child protective services and family courts to be reliable indicators.  I’ve seen them get it wrong too many times to just take their word for it.",affective communication capability,"The user is expressing skepticism about the situation and questioning the reliability of institutions (child protective services and family courts), which implies a critical and nuanced perspective on the situation.",threat intelligence capability,"Comment questions the validity of the alert, suggesting a need for more information before taking action. This aligns with the 'Threat Intelligence Capability' definition.",none,"The comment discusses the reliability of authorities and personal judgment in a sensitive situation, expressing skepticism and a preference for letting individuals handle their own issues.",affective communication capability,33.33
You are aware that parents kill their children right? ,none,The comment is a statement about a general fact and does not relate to any of the IT capabilities or system mechanics.,none,"Irrelevant comment, not related to IT capabilities or system mechanics.",none,"This comment is a statement about a serious and sensitive topic, but it does not directly relate to any of the specific capabilities listed in Table C1. It is more of a general statement or opinion rather than a feature request or discussion about system mechanics.",none,100.0
"Nowhere in the alert did it mention that the mother was dangerous, that caution should be taken, or that no attempt should be made to apprehend.  

But to answer your question, yes.  I’m also aware that children kill their parents, that parents kill each other, and that all of that is exceedingly rare.  
So rare in fact, that common sense tells me if there was real danger of that it would have been mentioned in the alert.",threat intelligence capability,"The user is questioning the threat level and urgency of the alert, suggesting that it should have included more information about potential danger.",threat intelligence capability,User questions the lack of information about the mother's potential danger and safety precautions in the alert. This comment implies a need for Threat Intelligence Capability.,threat intelligence capability,"The comment discusses the lack of information about danger levels and the rarity of certain events, suggesting a need for more detailed threat intelligence.",threat intelligence capability,100.0
The odds of a court system correctly identifying which ones beforehand are astronomically low.,threat intelligence capability,"The comment discusses the effectiveness of the court system in identifying potential threats, which relates to the urgency and threat level of the alerts.",none,"Discusses the reliability of a system, but not directly related to the IT capabilities of the Amber Alert system. This comment is more about the court system and its ability to identify offenders, not the Amber Alert system's capabilities.",threat intelligence capability,"This comment discusses the accuracy and reliability of a system in identifying individuals beforehand, which aligns with the concept of Threat Intelligence Capability.",threat intelligence capability,66.67
C’est la vie.,none,"The comment is a French phrase that translates to ""such is life"" or ""that's life,"" which is a common idiomatic expression used to convey a sense of resignation or acceptance. It does not relate to any of the IT capabilities listed.",none,"Comment is a French idiom expressing acceptance of the way things are, unrelated to system mechanics.",none,"This comment is a casual, philosophical statement often used to express acceptance of the way things are, without any direct reference to the capabilities listed in Table C1.",none,100.0
I really don't care. Tf you expect me to do? Go find them let the cops do that,none,"The user expresses a lack of interest and implies that the system should not be used for finding missing people, suggesting that the police should handle it.",engagement capability,User expresses lack of engagement or willingness to help.,helping capability,"The comment expresses indifference and a lack of interest in participating, suggesting a need for clearer instructions or guidance on what actions to take.",none,33.33
oh look theres a black GMC... like the other 1000 of them on the road. How about a better description. Black GMC yukon rolling on chrome 20's and nitto tires with a gay pride rainbow sticker on the left hand side suspect wearing a MAGA red hat.,keynoting capability,"The comment provides a detailed description of the vehicle, including its make, model, color, wheels, tires, and distinctive sticker, which is a clear example of extracting/surfacing critical details.",keynoting capability,"Provides specific details about the vehicle (Color, Make, Model, Wheels, Tires, and a unique sticker). Also, mentions the suspect's clothing.",keynoting capability,"The comment provides specific details about the vehicle (GMC Yukon), its features (chrome 20's, Nitto tires), and the suspect's attire (MAGA red hat), which aligns with the Keynoting Capability definition.",keynoting capability,100.0
I don’t think cops do that,none,"The comment expresses skepticism about the actions of law enforcement, which is unrelated to the system mechanics or capabilities of the IT system.",none,User questions the credibility of the system or the actions of law enforcement. This does not directly relate to any of the defined capabilities.,none,"The comment questions the credibility or actions of the police, which is not directly related to any of the capabilities listed in Table C1.",none,100.0
Then especially don't ask me to,none,"The comment is a complaint about being asked to do something, but the specific action or request is not mentioned. This is not related to any of the system mechanics or capabilities.",none,"Irrelevant complaint, not related to system mechanics or capabilities.",peer sharing capability,"This comment seems to express reluctance or refusal to do something, possibly related to sharing information or participating in an alert system.",none,66.67
No they’re too busy violating people’s rights and body slamming them,none,"The comment discusses a complaint about the system's users (police) violating people's rights and body slamming them, which is unrelated to the system's capabilities.",none,Irrelevant complaint about law enforcement actions unrelated to the IT system.,privacy capability,"This comment discusses privacy violations and physical actions, which align with the concept of 'Privacy Capability' and 'Reporting Capability' in terms of concerns about system actions.",none,66.67
Which cops? The ones you want defunded?,none,"The comment is a political statement, unrelated to the system mechanics or functionality of the IT capabilities.",none,"Political statement, unrelated to system mechanics.",none,"This comment is a political statement questioning the actions of law enforcement, which is unrelated to the system capabilities outlined.",none,100.0
I don't want cops defunded?,none,"The comment is a statement about a social or political issue, unrelated to the functionality or mechanics of the system.",none,"Irrelevant political statement, unrelated to system mechanics.",none,This comment is a political statement unrelated to the system capabilities discussed.,none,100.0
"The amber alert originated out of Arlington. Because a girl named Amber, who was kidnapped and killed, could have been saved by the hundreds of people who saw the truck driving in traffic through Arlington after kidnapping her. Very quickly after starting Amber alerts, a child was saved by a motorist who saw the car she’d just heard on the amber alert.",keynoting capability,"The comment provides a historical context and explanation of the purpose of Amber Alerts, which indirectly highlights the effectiveness of the system in saving a child's life.",mapping capability,Provides geolocation details (Arlington) and context about the origin of Amber Alerts. Discusses the impact of Amber Alerts on saving a child.,keynoting capability,"The comment provides a historical context and example of how Amber Alerts have saved lives, emphasizing the importance and effectiveness of the system.",keynoting capability,66.67
Cool. If people want to sign up they can. But I and many others have no interest. To be blatant idc about anyones kids I am not gonna even attempt to remember what it said nor am I gonna look for a car it's purely an annoyance for me,none,"User expresses disinterest in the system and explicitly states they won't engage with it, which implies they won't be using the system's features (e.g., remembering details, reporting).",engagement capability,User expresses disinterest in the system and considers it an annoyance.,notification management capability,"The user expresses disinterest and annoyance with the alerts, indicating a desire to manage or turn off notifications.",none,33.33
"Yes!! 100% this, call me selfish or whatever, but I have no time or energy to put into someone else's child that they couldn't keep proper custody/watch/control of..",affective communication capability,"The user expresses a lack of emotional investment in the situation, citing personal reasons for not wanting to engage.",helping capability,User expresses lack of interest in helping others due to personal reasons. This can be considered a lack of 'Helping Capability'.,engagement capability,The comment expresses a lack of engagement due to personal reasons and a sense of responsibility towards one's own time and energy.,affective communication capability,33.33
"""Some broken condom's broken condom is missing"" FTFY",none,"The comment is a joke or a sarcastic remark, and it does not relate to any of the IT capabilities listed in the table.",none,"Irrelevant joke, unrelated to system mechanics.",none,This comment is a joke or irrelevant to the system capabilities discussed.,none,100.0
And me receiving a description of a child is not going to help anything. I have it turned off for a reason,notification management capability,User discusses disabling system functionality and mentions a specific reason for doing so (having it turned off).,notification management capability,User discusses settings/overriding 'off' switch.,notification management capability,"The user is discussing the setting of their alerts, specifically turning them off to avoid receiving certain types of notifications.",notification management capability,100.0
Wowee let me hop in my truck with a mounted MG to go hunt em down oh wait. I am 4 hours from them.,threat intelligence capability,"User discusses their ability to respond to the situation, mentioning a vehicle and a weapon, but then realizes they are too far away to intervene.",threat intelligence capability,"User suggests using a mounted machine gun, which indicates a threat level or urgency.",keynoting capability,The comment expresses a desire to take action but acknowledges the distance as a barrier.,threat intelligence capability,66.67
"The reason I turned off amber alerts is probably the same reason most people do— we live in a state larger than a significant number of countries.  Amber alerts should be more targeted.  I don’t need to know 10 minutes after a child goes missing in El Paso.  

In healthcare, there’s something called “alarm fatigue.”  The premise is that when call bells in the hospital go off very frequently, response times increase less because of the time to actually respond to a call than because you become desensitized.  

It’s something we’re taught as children… “the boy who cried wolf”. I’m not saying that there isn’t a child missing and that we shouldn’t alert people, but we should be selective as to not inundate people.  Amber alerts should be deployed in a radius rather than a state.  Then, a kid who goes missing on the Oklahoma border, 3 hours away would warrant an alert and someone Amarillo wouldn’t, assuming we’re talking Dallas",notification management capability,User discusses disabling system functionality and suggests improvements to the system's targeting and deployment.,notification management capability,User discusses disabling system functionality due to its broad reach and suggests a more targeted approach. This matches the 'Turned alerts off' snippet under Notification Management Capability.,notification management capability,"The user discusses the issue of alert frequency and relevance, comparing it to ""alarm fatigue"" in healthcare, suggesting that alerts should be more targeted and selective.",notification management capability,100.0
The entire state doesn’t need to know about what is happening in dallas. Literally not helpful.,none,"The user is expressing a sentiment about the relevance and usefulness of the alerts, but it's not related to any specific system mechanics or capabilities.",mapping capability,User expresses frustration about receiving alerts that are not relevant to their location. This matches the 'Mapping Capability' definition.,mapping capability,"The comment expresses dissatisfaction with the scope of alerts, suggesting that alerts should be more localized.",mapping capability,66.67
Yeah usually 600+ miles away and at 1am,mapping capability,"The comment mentions a specific distance (600+ miles) and a time (1am), which implies the user is discussing the geolocation and timing of an event, likely related to an alert or notification.",mapping capability,"User discusses distance and time, which matches the 'Mapping Capability' definition (Geolocation, distance).",mapping capability,"The comment provides a specific distance and time, which aligns with the Mapping Capability definition.",mapping capability,100.0
Well then the cops better find them. Fuck I’m gonna do?,none,"The user expresses frustration and concern for the situation, but the comment does not provide any specific details about the system mechanics, capabilities, or features.",none,User expresses frustration but does not provide any actionable information or suggest a capability.,none,The comment expresses concern and frustration about the situation but does not directly reference any specific IT capabilities or system features.,none,100.0
"Welcome to reddit, we hate kids, cops, landlords and dogs. But we're the tolerant people so don't get it twisted.",none,"The comment expresses a negative sentiment towards various groups, but it does not mention or relate to the IT capabilities of a system.",none,"Comment is irrelevant noise, political, and contains hate speech.",none,"This comment is a political statement and a joke, unrelated to the system capabilities discussed.",none,100.0
I'm not finding them in my town 8 hours away.,mapping capability,"The user is discussing the relevance of the alert to their location, which is a form of geolocation detail.",mapping capability,User mentions distance/relevance (Geofencing).,mapping capability,"The comment discusses the distance from the user's location to where the event occurred, indicating a concern about relevance or mapping.",mapping capability,100.0
I’m sure Conor Young is glad you left him alone,none,The comment is a personal opinion about a person and does not relate to any of the IT capabilities or system mechanics.,none,"Irrelevant comment, does not relate to IT Capabilities.",notification management capability,"This comment is a sarcastic remark about not receiving alerts, implying a desire for the system to stop sending notifications.",none,66.67
"Did you take your meds?
Please take your meds",none,"The comment is unrelated to the system mechanics or capabilities of the IT system, and instead appears to be a personal, non-sequitur statement.",none,Comment does not relate to IT Capabilities or system mechanics. It appears to be a personal comment unrelated to the discussion.,none,"This comment is a request for someone to take medication, which does not align with any of the defined capabilities or signal phrases.",none,100.0
OP giving idc if my child is missing vibes 🥹,affective communication capability,"The user expresses a negative emotional tone and a lack of concern for the situation, which is a form of emotional response.",affective communication capability,"Emotional response to the situation, expressing indifference.",affective communication capability,"The comment reflects a lack of concern or empathy, which aligns with the sentiment expressed in comments about emotional tone or motivation.",affective communication capability,100.0
"If we got alerts every time someone’s child went missing, you wouldn’t even be able to use your phone.

There’s billboards, highway signs, news stations, news apps, social media, and many more ways to better communicate a missing child and the danger they are in. The reason people are upset is because many people have turned off amber alerts due to the frequency and unnecessary emergency alert noise especially when many of them stem from custody battles where the child is likely in no real danger.

A public safety alert is meant to convey a danger to public safety like a chemical spill, downed power lines, 911 outage, active shooter, or major accident. Sending an amber alert through the public safety alert category makes people turn those off now too and inhibits them from receiving potentially life saving information in a matter of seconds when seconds matter as opposed to wait 15-20 or more minutes for the news media to pick it up and relay the info.

The blue alert that went out last month went out as an emergency alert which is to alert people to imminent danger such as tornadoes, flash flooding, or widespread power outages. That should’ve gone out as a public safety alert within a 10-25 mile radius instead of to the whole state where people can actually keep their eye out.",none,"User discusses the frequency and misuse of Amber Alerts, suggesting alternative methods for communication and criticizing the categorization of Amber Alerts as Emergency Alerts.",threat intelligence capability,Discusses multiple ways to communicate a missing child and the inappropriateness of Amber Alerts for certain situations. Argues for the use of Public Safety Alerts instead.,notification management capability,"The comment discusses the frequency and relevance of Amber Alerts, suggesting that they are not always necessary and can be disruptive. It also mentions the importance of timely alerts for public safety emergencies.",none,33.33
"I didn't get it. I turned them all off. I hear every other phone or tablet in the house go off, tho.",notification management capability,"User discusses disabling system functionality and mentions other devices receiving alerts, indicating they are turned on.",notification management capability,User discusses managing/removing software (Notification Management Capability).,notification management capability,"The user discusses turning off the alerts and mentions hearing other devices go off, indicating a management of notifications.",notification management capability,100.0
"Yeah, I get you. Pissed me off too. 

But…if it was your kid that disappeared (unless your Liam Neeson) you’d want every grouchy SOB in the state to know too. At least I would.",affective communication capability,"The user is expressing empathy and understanding of the situation, and then shifts to a hypothetical scenario where they would want maximum awareness and involvement in finding their child.",affective communication capability,"User expresses empathy and understanding, but also emphasizes the importance of sharing information in case of a missing child. This comment touches upon the emotional tone and motivation (Affective Communication Capability). However, it does not directly provide actionable intel or discuss system mechanics.",multiplatform integration capability,"The comment expresses a strong emotional reaction and a desire for widespread awareness in the event of a child's disappearance, indicating a need for broad dissemination of information.",affective communication capability,66.67
"Sure, but send it as an amber alert, don't use a public safety alert type because you know so many people have turned off amber alert because you spam them",notification management capability,"User discusses disabling system functionality due to spam, implying they have turned off alerts.",notification management capability,"User suggests using Amber Alert for specific cases, acknowledging that many people have turned off the system due to spamming. This matches the 'Notification Management Capability' definition.",notification management capability,"The user is discussing the preference for using Amber Alerts over public safety alerts, indicating a concern about alert frequency and user settings.",notification management capability,100.0
Fair point.,none,"The comment is a neutral response, but it does not contain any specific details or context related to the IT capabilities listed.",engagement capability,"Comment is a form of engagement, acknowledging another user's argument.",none,"This comment is a simple acknowledgment or agreement, which does not directly relate to any specific IT capability as defined.",none,66.67
"They did, but some of you assholes turned them off, so they have to send it like that as well. Ya'll are insane.",notification management capability,User discusses disabling system functionality and the consequences of it.,notification management capability,User discusses disabling system functionality (matches 'Turned alerts off' snippet).,notification management capability,"The comment discusses the impact of turning off alerts, indicating a discussion around the system's functionality and user behavior.",notification management capability,100.0
I'm living in a whole other state across the country and STILL get Dallas alerts. What am I gonna do about a kid who's been missing for FIVE months?,threat intelligence capability,The user is expressing frustration about receiving alerts from a distant location and questioning the urgency of the case due to its prolonged duration.,mapping capability,Complains about receiving alerts from a distant location (matches 'Geofencing' definition).,mapping capability,"The comment discusses the relevance and distance of alerts, suggesting a need for geofencing or location-based filtering.",mapping capability,66.67
"That's obviously different. If it's not even in the same state. They should be statewide, not nationwide, at least not for the week or two.",none,"User discusses the scope of the alert system, suggesting it should be limited to the state level rather than nationwide.",mapping capability,User questions the geographical scope of the alerts and suggests a more localized approach. This matches the Mapping Capability definition.,mapping capability,"The comment discusses the relevance and scope of alerts, suggesting a need for alerts to be more localized (state-specific) rather than nationwide.",mapping capability,66.67
I recognized your name and tapped your profile… $5 says we have very different definitions for the word insane.,none,"The comment is a personal remark and a joke, unrelated to the system mechanics or features of the IT capabilities.",none,"User mentions a profile and makes a personal comment, not related to IT capabilities.",none,"This comment is a conversational exchange, likely a joke or playful banter, and does not pertain to any of the defined IT capabilities.",none,100.0
Congrats. You can navigate your way through Reddit profiles. Now stay on topic and give me a good reason as to why you would ever turn off those alerts.,notification management capability,"User is asking for a justification for disabling system functionality, which is related to managing settings.",notification management capability,User is discussing the functionality of the system (turning off alerts) and expressing a preference for it to stay on topic. This matches the 'Notification Management Capability' definition.,none,"The comment is a conversational exchange, not directly related to any specific IT capability mentioned in the definitions.",notification management capability,66.67
"Because there's are MILLIONS of people in DFW. Other than annoying people with alerts, not a single person is running outside like Batman to look for the kid. ESPECIALLY when the alert system is being abused.",notification management capability,"The user is discussing the effectiveness of the alert system and its potential for abuse, which is related to the system's mechanics and user behavior.",none,User expresses frustration about the system's effectiveness and its potential misuse. This comment does not directly mention any specific IT capabilities.,None,"The comment discusses the effectiveness and misuse of the alert system, suggesting a need for better verification and possibly a more targeted approach.",notification management capability,33.33
And now we have the public safety alerts turned off too. Quit spamming the system,notification management capability,User discusses disabling system functionality and expresses frustration with the system's behavior.,notification management capability,User discusses disabling system functionality (matches 'Turned alerts off' snippet).,notification management capability,"The comment discusses turning off the alerts, indicating a management of notifications.",notification management capability,100.0
"Hopefully, they will find a way to bypass that as well. You really are a shitty person. Remember, Karma is a bitch. Have fun with that one. 🖕",none,"The comment is a personal attack and contains a threat, which is unrelated to the system mechanics or its capabilities.",none,Comment contains personal attacks and unrelated content.,none,This comment is a personal attack and does not relate to any of the IT capabilities defined in Table C1.,none,100.0
I don't think anyone is blaming the parent for the alert.,affective communication capability,"The comment is discussing the sentiment and emotional tone of the alert, specifically addressing a potential misconception about blaming the parent.",none,Comment does not provide any information related to IT capabilities or system mechanics. It is a statement about public opinion and does not discuss any specific feature or function of the system.,affective communication capability,"The comment discusses the public perception and reaction to the alert, focusing on the lack of blame towards the parent.",affective communication capability,66.67
Yeah except that this is an amber alert which has nothing at all to do with public safety. They should’ve sent it out as an amber alert,none,"User is questioning the relevance of the alert to public safety, implying it should be categorized differently (Amber Alert).",engagement capability,User questions the relevance of the alert to public safety.,keynoting capability,"The user is discussing the appropriateness of using an Amber Alert for a particular situation, suggesting it should have been used.",none,33.33
Man I was wondering the same thing now I know why.  Now I have to debate turning public safety alerts off (which I don’t want to do) but I might have to if they keep abusing the system.  What a joke.,notification management capability,User discusses disabling system functionality due to abuse of the system.,notification management capability,User discusses managing/removing system functionality due to perceived abuse.,notification management capability,"The user discusses managing their alerts and the potential consequences of system abuse, indicating a concern with the notification management and possibly the threat intelligence aspects.",notification management capability,100.0
"I turned them off, not worth it",notification management capability,User discusses disabling system functionality.,notification management capability,User discusses disabling system functionality (matches 'Turned alerts off' snippet).,notification management capability,"The user is discussing disabling the alerts, which matches the 'Turned alerts off' snippet under Notification Management Capability.",notification management capability,100.0
I turned off safety alerts too after that last fucking blue alert at 4 something in the morning that was clear on the other side of the state. I wouldn’t have turned off the amber alerts if it hadn’t gone off at a similarly ridiculous time in the middle of the night right before a final exam once,notification management capability,User discusses disabling system functionality due to a specific incident involving a late-night alert.,notification management capability,User discusses disabling system functionality due to inconvenience (matches 'Turned alerts off' snippet).,notification management capability,"The comment discusses turning off safety alerts due to a disruptive notification at an inconvenient time, indicating a concern with notification management.",notification management capability,100.0
Just turn all alerts off!,notification management capability,User discusses disabling system functionality.,notification management capability,User suggests disabling system functionality (matches 'Turned alerts off' snippet).,notification management capability,"The comment suggests disabling all alerts, which directly relates to managing notification settings.",notification management capability,100.0
"I had them turned off lol, that's the problem. They didn't send it as an amber alert",notification management capability,"User discusses disabling system functionality and mentions the lack of an Amber Alert, which is a specific type of alert.",notification management capability,User discusses settings/overriding 'off' switch.,notification management capability,"The user discusses managing the alert settings, specifically turning them off.",notification management capability,100.0
You can disable the public safety alerts and the test alerts as well. I have them all turned off,notification management capability,User discusses disabling system functionality.,notification management capability,User discusses managing/removing software (Notification Management Capability).,notification management capability,"The comment discusses managing the system's alerts, specifically turning them off.",notification management capability,100.0
"Didn't get it over here in San Antonio this time. It's kind of an improvement...but you know how two steps forward, one step backwards works...",mapping capability,"The user discusses their experience with the system's functionality, specifically mentioning not receiving an alert in San Antonio, which implies they are talking about the system's geolocation or mapping capability.",notification management capability,"User mentions not receiving the alert in San Antonio, discussing system functionality. This matches the 'Turned alerts off' snippet in Notification Management Capability.",notification management capability,"The comment discusses the system's performance in a specific location (San Antonio) and mentions a perceived improvement, but also acknowledges a setback (two steps forward, one step backwards).",notification management capability,66.67
Dude for real. Now I got public safety alerts turned off too lol,notification management capability,User discusses disabling system functionality.,notification management capability,User discusses disabling system functionality (matches 'Turned alerts off' snippet).,notification management capability,"The user is discussing turning off the alerts, which directly relates to managing notifications.",notification management capability,100.0
God forbid you keep your eye out for a trafficked child🤦🏽‍♂️ shame on you brotha,affective communication capability,"The comment expresses a negative sentiment towards someone not keeping an eye out for a trafficked child, which implies a sense of responsibility and engagement in the community.",affective communication capability,"Emotional response, expressing disappointment and concern.",affective communication capability,"The comment expresses a negative sentiment towards not being vigilant about child trafficking, suggesting a moral or ethical stance.",affective communication capability,100.0
They have the same last name. This is a custody dispute.,keynoting capability,"Infers context about the people involved, specifically mentioning a possible connection between the abductor and the child.",keynoting capability,Infers context about the people involved.,keynoting capability,"The comment infers context about the people involved, suggesting a possible domestic situation.",keynoting capability,100.0
Ok and parents never harmed their own children?,keynoting capability,"The comment is a statement that questions the context of the situation, specifically the relationship between the parents and the child, which is a detail that can be considered a critical piece of information in the investigation.",keynoting capability,Questioning the context about the people involved.,affective communication capability,"This comment is a statement questioning the likelihood of a parent harming their own child, which is a form of affective communication about the emotional impact of such a scenario.",keynoting capability,66.67
"But, it’s Texas, they’re alerts always for babies a thousand miles away",mapping capability,"The user is complaining about the relevance of alerts in their location, which is related to the geolocation aspect of the system.",mapping capability,User complains about distance/relevance of alerts.,mapping capability,"The comment discusses the perceived irrelevance of alerts due to distance, which aligns with the Mapping Capability definition.",mapping capability,100.0
Highways exist?,none,"The comment is asking a question about the existence of highways, which is unrelated to the system mechanics or features of the IT capabilities.",mapping capability,"User is questioning the geolocation or mapping capabilities of the system, as highways are a type of road infrastructure.",none,"This comment seems to be a general statement or question about the existence of highways, which doesn't directly relate to any specific IT capability mentioned in the hierarchy or definitions.",none,66.67
and we're supposed to go drive 1000 miles on the highways for someone else's custody disagreement..?? GTFOH get all the way out of here.  These alerts are entirely TOO MUCH!! and not everyone cares about YOUR semen demons...,none,"User expresses frustration with the system's functionality and the content of the alerts, specifically mentioning the excessive number of alerts and not caring about the content.",engagement capability,User expresses frustration about receiving alerts that are not relevant to them.,notification management capability,"The comment expresses frustration with the alerts, suggesting they are too frequent or intrusive, and mentions not everyone caring about the alerts.",none,33.33
"State sends a text message twice 
This is literally 1984 levels unbearable",reminder capability,"The user is complaining about receiving repeated messages, which is a form of reminder or follow-up, and is a system sending repeats to maintain engagement.",reminder capability,"User expresses discontent with repeated notifications, which matches the 'Reminder Capability' definition.",reminder capability,"The comment discusses the frequency of alerts and the annoyance caused by repeated notifications, which aligns with the 'Reminder Capability' definition.",reminder capability,100.0
Leave.,none,"The comment is a simple statement to exit or leave the conversation, which does not relate to any of the IT capabilities listed.",none,"Irrelevant noise, does not fit any of the defined categories.",none,"This comment is a simple directive or command, likely indicating a desire to end the conversation or topic.",none,100.0
Bye bye,none,"The comment is a simple farewell message and does not contain any relevant information about the system, its capabilities, or the topic of discussion.",none,Conversational noise.,none,"This comment is a simple farewell or goodbye, unrelated to any specific IT capability discussed.",none,100.0
You can go to Cali.,none,"The comment is a suggestion to relocate to California, which is unrelated to the system mechanics or features of the IT capabilities.",none,"Irrelevant comment, does not relate to IT Capabilities.",mapping capability,"The comment suggests a geographical location, which aligns with the Mapping Capability definition.",none,66.67
Ridiculous abuse of the system,none,"The comment expresses a negative sentiment towards the system, but it does not mention any specific feature or functionality of the system.",none,"User expresses frustration about the system, but does not provide specific details about the capabilities or functionality. This comment does not fit any of the defined categories.",none,"This comment expresses dissatisfaction with the system, likely referring to misuse or inappropriate use of the Amber Alert system.",none,100.0
"Yeah and I am now turning public safety alerts off and only leaving on emergency alerts because I would much like to know if there’s ever a tornado warning in the middle of the night or like a severe thunderstorm with 80 mph winds so I can get away from the windows.

Next overnight shenanigans like a blue alert and I’m turning those off too.",notification management capability,User discusses disabling system functionality to manage their experience and prioritize specific types of alerts.,notification management capability,"User discusses managing/removing software and mentions specific types of alerts (Public Safety, Blue Alert, Tornado Warning, Severe Thunderstorm).",notification management capability,"The user discusses managing their alert settings, specifically turning off public safety alerts and keeping only emergency alerts on for severe weather conditions.",notification management capability,100.0
"Same here. And if they hadn't messed with sending alarms so late, I would have left them all on.",notification management capability,User discusses managing/removing software and disabling system functionality.,notification management capability,User discusses settings/overriding 'off' switch.,notification management capability,"The user discusses managing their alert settings, specifically mentioning turning them off and the inconvenience of late notifications.",notification management capability,100.0
"I’ve turned them all off, because I choose peace in the midnight hours. 😩🥴",notification management capability,User discusses disabling system functionality and mentions it affects their sleep.,notification management capability,User discusses disabling system functionality due to sleep disturbance.,notification management capability,"The user discusses turning off alerts to avoid disturbances during the night, indicating a concern about sleep disruption.",notification management capability,100.0
Get a weather radio and sleep in peace.,notification management capability,"The user is suggesting an alternative solution to deal with the noise/disturbance caused by alerts, implying they want to turn off or manage the alerts.",multiplatform integration capability,Suggests alternative platform (matches 'Multiplatform' definition).,multiplatform integration capability,"Suggests an alternative method to receive alerts, which aligns with the concept of multiplatform integration.",multiplatform integration capability,66.67
"I'm trying to remember: they can turn themselves on, right? But at least they're used specifically for severe weather.",notification management capability,"The user is discussing the ability to enable or disable the system, which is related to managing notifications.",notification management capability,User discusses system settings and purpose.,notification management capability,"The comment discusses the functionality of the system, specifically whether it can be manually activated and its use for severe weather.",notification management capability,100.0
It has been a while since I looked but I think you get a 'smart weather radio'. Some you enter your zipcode others will use a GPS signal. Turn it on and then it wakes up and alerts when NOAA sends out a warning.,multiplatform integration capability,"The user is suggesting an alternative platform (weather radio) that can alert users to severe weather warnings, which is similar to the functionality of the system being discussed.",multiplatform integration capability,Suggests an alternative platform for receiving alerts (matches 'Multiplatform Integration Capability' definition).,multiplatform integration capability,"The comment discusses an alternative method for receiving alerts, mentioning GPS and zipcode integration, which aligns with the concept of Multiplatform Integration Capability.",multiplatform integration capability,100.0
Doesn't this just use the same emergency service line as your phone?,helping capability,"The user is asking for clarification on how the system works, specifically in relation to existing emergency services.",reporting capability,User questions the system's functionality and compares it to the emergency service line on a phone. This can be related to Reporting Capability as it discusses the mechanism to send information.,multiplatform integration capability,"The comment questions the system's integration with existing emergency services, suggesting a need for synchronization across platforms.",helping capability,33.33
"No, it’s a specific to weather warnings and watches. Mine you can disable watches.",notification management capability,User discusses disabling system functionality for a specific type of alert (weather warnings and watches).,notification management capability,User discusses disabling system functionality (matches 'Turned alerts off' snippet).,notification management capability,The comment discusses disabling a specific feature (watches) within a weather alert system.,notification management capability,100.0
"I've had all the built in alerts turned off for years.

Kept the alerts on for Storm Shield so that alerts me when dangerous weather is close.",notification management capability,User discusses disabling system functionality and mentions an alternative platform for receiving alerts.,multiplatform integration capability,User discusses managing/removing software and mentions a specific app (Storm Shield). This matches the 'Multiplatform Integration Capability' definition.,notification management capability,"The user discusses managing their alert settings, specifically turning off built-in alerts but keeping a specific weather alert on.",notification management capability,66.67
Get an emergency weather radio. It will make a ton of noise when the weather gets warnings.  You can program it to ignore amber alerts.,notification management capability,"The user suggests an alternative platform (emergency weather radio) that can alert them of warnings and mentions ignoring amber alerts, which is related to managing notifications.",multiplatform integration capability,Suggests alternative platform for emergency alerts (matches 'Multiplatform' definition).,notification management capability,"The comment discusses an alternative device (emergency weather radio) that can be programmed to ignore Amber Alerts, suggesting a form of notification management.",notification management capability,66.67
How often do y'all get these that you need to turn it off? I'm in michigan near detroit and the last time I got any alert was a month ago and I have amber alerts turned on.,notification management capability,"User discusses frequency of receiving alerts and mentions having Amber Alerts turned on, indicating they are actively engaged with the system and experiencing a lack of notifications.",mapping capability,"User discusses frequency of alerts and location, which relates to the Mapping Capability (distance from the event).",notification management capability,The comment discusses the frequency of alerts and the user's decision to turn off the alerts due to lack of recent activity.,notification management capability,66.67
You don’t think the 80mph winds would wake you up if you’re right next to a window?,notification management capability,The user is discussing a potential disturbance caused by a loud noise (wind) and its impact on sleep.,none,"Comment discusses sleep disturbance due to weather conditions, not related to system mechanics.",notification management capability,"The comment discusses the loudness of a notification (in this case, potentially a weather alert) and its impact on sleep, which aligns with the 'Notification Management Capability' definition.",notification management capability,66.67
"No, I sleep thru everything I never hear bad weather, my kids are the same.  If I wake up to talk to someone on the phone if I forget to turn off my ringer I remember the phone call as a dream.  
I do have alarms/radios in place for emergencies.  My husband on the other hand wakes up if a dime falls on the wood floor.  I did hear this alert because I was already awake. However it woke my husband up who has all of his alerts turned off. He was super annoyed, lol.
I have turned mine off now, sorry.",notification management capability,"The user discusses managing/removing software and turning off alerts, which is related to the system's notification management.",notification management capability,Discusses sleep disturbance and turning alerts off.,notification management capability,"The comment discusses the impact of alerts on sleep, specifically mentioning turning alerts off to avoid disturbances.",notification management capability,100.0
"Understandable. I’m one of those people that will wake up to the ice maker on the other side of the house and think we are getting robbed or the house is collapsing, so the opposite end of the spectrum.",notification management capability,"The user discusses being easily startled by notifications, which relates to the disturbance caused by notifications (loud noises).",notification management capability,"User discusses sleep disturbance due to loud noises, which matches the 'Sleep Disturbance' aspect of Notification Management Capability.",notification management capability,"The comment discusses the impact of notifications on sleep, specifically mentioning being woken up by a notification.",notification management capability,100.0
Blue alerts are a public safety alert. I know this because I only have emergency alerts on and I don’t get the blue ones.,notification management capability,"The user discusses their settings and how they only receive emergency alerts, implying they have turned off non-emergency alerts, which includes Blue Alerts.",notification management capability,"User explains the difference between Amber Alerts and Emergency Alerts, demonstrating knowledge of system mechanics.",notification management capability,"The user is discussing the nature of the alerts and their settings, indicating a focus on how the system functions and what types of alerts are received.",notification management capability,100.0
Join the rest of us who have opted out of the system. I don't get any alerts.,notification management capability,User discusses disabling system functionality.,notification management capability,User discusses disabling system functionality (matches 'Turned alerts off' snippet).,notification management capability,"The comment discusses opting out of receiving alerts, which directly relates to managing notification settings.",notification management capability,100.0
"ngl if in the 1 in a million chance i remembered and saw a car i probably wouldnt even report or involve myself in custody battle.  other stuff sure but i forget these 1 second after the alert anyway. i usually read though, cause im from houston and id see some useful flood alerts if i remember correctly",none,"User discusses their likelihood of reporting and involvement in a custody battle, and mentions their forgetfulness regarding alerts, but also mentions reading alerts for other purposes (flood alerts).",engagement capability,"User mentions forgetting alerts and not involving themselves in a custody battle, indicating a lack of engagement and helping capability.",engagement capability,"The comment discusses the likelihood of remembering an alert and the user's occasional engagement with the system, particularly for non-Amber Alerts (flood alerts).",engagement capability,66.67
You wouldn’t call the police if you saw a kidnapping by a dangerous person because they have the same last name?,keynoting capability,"The user is inferring context about the people involved in the kidnapping, specifically the relationship between the abductor and the child.",threat intelligence capability,Questions the validity of the threat level based on shared last name.,None,"The comment questions the validity of a tip based on the last name similarity, suggesting a need for verification before taking action.",keynoting capability,33.33
"honestly i would just in case. id probably feel very conflicted while doing it though, just cause theres so many parents out there that abuse 911 for control and id feel like crap if a parent that deserved but lost custody- got their kid for a day and i was the one that put an end to it. its just because i have friends whose parents used 911 like their bitch and it was terrible to watch. you can say its my distrust in legal custody system and maybe im wrong for this and i really hope someone could change my mind too :(",affective communication capability,"The user discusses their conflicted feelings about reporting a situation, citing concerns about false positives and the potential consequences for innocent parents.",affective communication capability,"Discusses the emotional conflict of reporting a potential Amber Alert, touching on the topic of custody issues and the misuse of emergency services. This comment relates to Affective Communication Capability.",reporting capability,"The comment discusses personal reservations about calling 911 due to past experiences and distrust in the legal custody system, indicating a concern about potential misuse of emergency services.",affective communication capability,66.67
"I totally get what you’re saying, I was actually kidnapped by a relative from school as a kid so I’ve been through it. I’ve talked to other kids they’ve been through it. While some of us were in dangerous situations, the police don’t touch it. I think you might be misunderstanding the cases you see in alerts. Cops know that custody disputes are a civil issue, and rarely get involved unless it’s an emergency situation that risks the safety of the child.  Even if parents call 911 and cops come out, they absolutely would not issue an emergency alert unless the child is in extreme danger. The vast majority of kidnappings are perpetrated by people known to the victim, that absolutely does not make the abduction any less dangerous. 

They’re well aware of cases like those you experienced of your friends growing up, and they won’t be sending out amber alerts for those.",helping capability,"The user shares a personal experience and provides context about the nature of kidnappings and how police handle custody disputes, which is a form of providing guidance and information to help others understand the situation.",helping capability,"Discusses personal experience and knowledge about the system's functioning, including the criteria for issuing Amber Alerts.",threat intelligence capability,"The comment discusses the nature of kidnappings, police involvement, and the distinction between custody disputes and emergency situations, which aligns with the Threat Intelligence Capability definition.",helping capability,66.67
thanks that clears a lot up for me and makes me feel better about them too. truly appreciate you for taking the time to educate me,affective communication capability,"The comment expresses gratitude and appreciation for the help received, indicating a positive emotional response to the interaction.",affective communication capability,User expresses gratitude for helpful information and improved feelings. This matches the 'Affective Communication Capability' definition.,affective communication capability,"The comment expresses gratitude and appreciation for information provided, indicating a positive emotional response and support.",affective communication capability,100.0
❤️❤️,affective communication capability,"The comment is an emotive expression, conveying a positive sentiment.",affective communication capability,Emotional support or positive sentiment.,none,"This comment is purely emotive and does not contain any actionable intel, system mechanics, sentiment/support, or any other specific capability as defined.",affective communication capability,66.67
"Didn't we all turn off every single alert the day of the Great 5AM Shenanigan? 


Myself i have not received this alert here. ",notification management capability,"User discusses disabling system functionality and mentions a specific event (""Great 5AM Shenanigan"") that led to turning off alerts.",notification management capability,User discusses disabling system functionality (matches 'Turned alerts off' snippet).,notification management capability,"The comment discusses managing alert settings, specifically turning them off.",notification management capability,100.0
The only reason I didn’t turn them off is because of the great 6am shenanigan back in may when there was 80 mph winds and a tornado warning but now I’m done dealing with these stupid alerts.,notification management capability,User discusses disabling system functionality due to past experience with false alerts (matches 'Turned alerts off' snippet).,notification management capability,User discusses disabling system functionality due to unwanted alerts during specific weather events. This matches the 'Turned alerts off' snippet.,notification management capability,"The user discusses managing their alerts, specifically turning them off after a past event (tornado warning), indicating a form of notification management.",notification management capability,100.0
"That is most def a concerning shenanigan.  Sadly a conflict of our own interests.


I used to live in Michigan so I'm spoilt to the foolish idea that there would be a klaxon for something like that in an area.  I remember in Lansing they would give it a test toot once every month.  Also I'm inept with my phone settings. ",multiplatform integration capability,"The user mentions a ""klaxon"" which implies a notification system, and they also mention being ""spoilt"" to the idea of such a system in their previous location, indicating they are familiar with the concept of alerts. Additionally, they express a desire for such a system in their current area, which shows they are interested in the functionality of the system.",affective communication capability,User expresses concern about the situation and compares it to a test system in Michigan. Mentions the lack of a similar system in their current location. Also mentions personal difficulty with phone settings.,notification management capability,"The comment discusses the absence of an alert system in a specific location and mentions personal experiences with alerts, indicating a comparison and familiarity with the system.",multiplatform integration capability,33.33
"They have sirens around the Fort Worth area at least. Didn't have any in Austin (or at least south of Austin). Of all the areas I've lived in throughout the country, the Austin area is the only one that didn't have air raid / severe weather sirens. Weird.",notification management capability,"The user is discussing the presence or absence of sirens in specific areas, which relates to the system's ability to alert users through various means, including loud noises.",notification management capability,"User mentions sirens, which can be considered a form of notification. However, the comment is not directly related to Amber Alerts but rather severe weather sirens.",mapping capability,"The comment discusses the presence or absence of sirens in different geographical areas, which relates to the concept of Mapping Capability as it involves geolocation and distance.",notification management capability,66.67
Bro either the tornado gets you or it doesn't. I've slept through a couple even with the sirens and alerts going off back in the day.,notification management capability,"User discusses their past experience with alerts and sirens, specifically mentioning sleeping through them, which relates to the management of notifications.",notification management capability,"User discusses sleep disturbance caused by alerts, but not related to Amber Alerts specifically. This comment is more about general emergency alerts, not the system mechanics we are focusing on.",notification management capability,"The comment discusses personal experiences with alerts during a tornado, mentioning sleep disturbance and loud noises.",notification management capability,100.0
There are definitely places to be in the house that are safer than others. My mom survived a tornado that demolished our house by sheltering in the bathroom.,affective communication capability,The user shares a personal experience of surviving a tornado by taking shelter in a specific location within the house.,none,"User shares personal experience related to safety during a natural disaster, not directly related to IT capabilities.",helping capability,"The comment discusses safety measures and locations within a house during a crisis, which aligns with the concept of providing guidance or instructions on what to do in specific situations.",affective communication capability,33.33
I guess i don't sleep on the tornado side of the house,notification management capability,User discusses a personal experience related to a specific feature (tornado alerts) and its impact on their life (sleep disturbance).,notification management capability,"User mentions a natural disaster (tornado) and its impact on their sleep, which relates to Notification Management Capability (Sleep Disturbance).",notification management capability,"This comment discusses the impact of notifications on sleep, specifically mentioning a change in sleeping arrangements due to the frequency of alerts.",notification management capability,100.0
"Okay, well I hope there’s no windows by your bed",affective communication capability,"The comment is expressing concern for the user's safety and well-being, specifically in relation to the potential for notifications disturbing their sleep.",notification management capability,"Comment suggests a concern about loud notifications disturbing sleep, which matches the 'Sleep Disturbance' aspect of Notification Management Capability.",none,"This comment is a piece of advice or a suggestion, likely meant to be taken as a precaution or a joke. It does not directly relate to any of the capabilities listed in Table C1.",affective communication capability,33.33
At this point I'm just going to turn them all off and just get a weather radio.,notification management capability,User discusses disabling system functionality.,notification management capability,User discusses disabling system functionality (matches 'Turned alerts off' snippet).,notification management capability,"The user is discussing turning off all alerts, indicating a management of notifications preference.",notification management capability,100.0
Now you’re going to miss the civil war after the election announcement.,none,The comment is a political statement unrelated to the system mechanics or functionality of the IT capabilities.,none,"Political statement, unrelated to system mechanics.",none,This comment is a political statement unrelated to the system's capabilities or features.,none,100.0
"nah, the civil war's been ramping up for years.",none,The comment is a statement about a hypothetical future event (civil war) and does not relate to the functionality or mechanics of the system being discussed.,none,"Irrelevant political statement, unrelated to system mechanics.",none,This comment is a political statement and does not relate to any of the defined IT capabilities or system mechanics.,none,100.0
If you need your phone to alert you that there is going to be severe weather then you need to become more weather aware.,multiplatform integration capability,"The user is suggesting an alternative platform (weather app) for receiving alerts, which implies they are discussing how to receive alerts on their phone.",multiplatform integration capability,Suggests alternative platform for weather alerts (matches 'Multiplatform' definition).,notification management capability,"The comment discusses the importance of being aware of weather conditions, suggesting a need for users to be proactive rather than relying solely on the system for alerts.",multiplatform integration capability,66.67
"It’s Texas there’s no such thing as being weather aware it goes from clear skies to hail and tornadoes and back to clear skies within a matter of minutes.

It’s not like a hurricane where you have several days to prepare.",none,"The user is discussing the unpredictability of Texas weather, specifically mentioning the rapid change in weather conditions, which is unrelated to the system mechanics or features of the IT capabilities.",none,"Comment discusses weather patterns in Texas, which is not related to the IT capabilities of the system.",mapping capability,"The comment discusses the unpredictability of weather conditions, which could be related to the Mapping Capability as it involves geolocation and understanding of environmental factors.",none,66.67
Yes there is. Severe weather doesn’t just come out of nowhere. It is always in the forecast if there is going to be severe weather. You just don’t pay attention to the forecast like a lot of people.,multiplatform integration capability,"The user is discussing an alternative platform (weather channel app) that can alert them of severe weather, which is related to the system's functionality of providing alerts.",multiplatform integration capability,User suggests alternative platform for weather alerts (matches 'Multiplatform' definition).,none,"The comment discusses the importance of paying attention to weather forecasts, which is not directly related to any of the capabilities listed in Table C1.",multiplatform integration capability,66.67
Laughs in Texan. There absolutely is weather like this here.,none,"The comment is a humorous response to a previous statement about weather, and it does not relate to any of the IT capabilities listed in the table.",none,"Comment is a humorous response to the weather, unrelated to IT Capabilities.",none,"This comment is a casual remark about weather conditions, unrelated to the functionalities or features discussed in the hierarchy and definitions provided.",none,100.0
government will soon not allow you to turn them off like how it is in canada. that’s another reason i got an american phone plan when i go back,notification management capability,User discusses a future change in system functionality (government restrictions on turning off alerts) and compares it to another country's system.,notification management capability,"User discusses future changes to system functionality (matches 'Turned alerts off' snippet, but in a predictive context).",notification management capability,"The comment discusses the potential future restriction on disabling alerts, which relates to the management of notifications.",notification management capability,100.0
"That's fine.  The government can come party with me when they try to keep me from turning my phone entirely off,  because my circle is small and i lack a general givadam",notification management capability,"The user is discussing their personal boundaries and settings, specifically turning off their phone entirely, which relates to managing notifications.",privacy capability,User expresses annoyance with the system's inability to respect privacy and personal settings. This matches the 'Privacy Capability' definition.,notification management capability,"This comment discusses personal privacy settings and the user's decision to turn off notifications entirely, indicating a preference for privacy and control over alerts.",notification management capability,66.67
"Right? That first Amber alert at 3:00 taught me to turn that shit off. I mean, if they’re not rolling through my bedroom, I’m not going to see them.",notification management capability,User discusses disabling system functionality due to disturbance and sleep issues.,notification management capability,User discusses disabling system functionality due to sleep disturbance. This matches the 'Notification Management Capability' definition.,notification management capability,"The comment discusses the disruptive nature of the alerts at a specific time, indicating a desire to manage notifications to avoid sleep disturbance.",notification management capability,100.0
"Amber alerts don't bother me, neither do Silver. Those actually involve endangered Texas citizens. It's the ""a cop got mildly shot 500 miles away while doing a job he signed up for"" in the middle of the night stuff that pisses me off.",notification management capability,User discusses disabling system functionality and expresses frustration with certain types of alerts.,notification management capability,User expresses preference for specific types of alerts (Amber Alerts and Silver Alerts) over others (officer-related alerts).,notification management capability,"The comment expresses annoyance with notifications that are not directly related to endangered citizens, focusing on incidents that are distant and less urgent.",notification management capability,100.0
"If that was 5 school teachers at brunch during a robbery, there wouldn’t have been an alert. 
I don’t understand why they think police violence is so much worse than anyone else. 
I mean, there’s a reason shooting opposing soldiers is war and shooting civilians is a war crime.",none,"The comment discusses a hypothetical scenario where a different group of people (school teachers) might not have triggered an alert, and then shifts to a political statement about police violence and war crimes.",none,"The comment discusses a perceived bias in the system, comparing it to a hypothetical situation unrelated to the system's purpose. It does not relate to any of the defined capabilities.",threat intelligence capability,"The comment discusses the criteria for issuing alerts and differentiates between various scenarios, touching on the severity of different situations.",none,66.67
"Because when someone shoots a cop an enormous manhunt begins and the suspect is likely to be on the run and desperate. That puts the public at huge risk because they will be needing vehicles/other resources in their attempt to flee, so the public is at a higher chance of experiencing violent crime because of it.",threat intelligence capability,"The comment discusses the potential consequences of a suspect being on the run and desperate, which implies a higher threat level.",threat intelligence capability,Discusses potential threat level and urgency in relation to a specific situation (Threat Intelligence Capability).,threat intelligence capability,"The comment discusses the increased risk to the public due to a high-priority incident (shooting a cop), which aligns with the Threat Intelligence Capability definition.",threat intelligence capability,100.0
"I think it's the idea if they're willing to shoot authorities, they are completely unhinged and no one is safe. Because most criminals don't fight once they are caught, despite what movies have led us to believe.",none,"The comment discusses the behavior of criminals and their willingness to fight authorities, which is a general statement about the nature of crime and not related to the system mechanics or features of the IT capabilities.",threat intelligence capability,"Comment expresses a threat level or urgency (e.g., ""unhinged"", ""no one is safe"").",threat intelligence capability,"The comment discusses the level of threat and the behavior of criminals, suggesting a heightened sense of danger.",threat intelligence capability,66.67
"Spitting on a cop is a felony 
Spitting on a nurse is a traffic ticket level offense.",none,"The comment discusses a comparison of two unrelated offenses and their respective penalties, which is not related to the functionality or mechanics of the IT system being discussed.",none,Comment is unrelated to IT Capabilities and discusses a legal issue.,none,This comment is a statement about legal consequences and does not directly relate to any of the IT capabilities listed in Table C1.,none,100.0
Okay.,none,"The comment is a brief, neutral response without any specific details or context related to the IT capabilities.",none,"Conversational noise, does not fit any of the defined categories.",none,"This comment is a simple acknowledgment or agreement, which does not align with any specific IT capability defined in the hierarchy or definitions.",none,100.0
"I didn’t get an Alert when the Allen mall shooting was occurring. I didn’t get shit when teachers and kids were being slaughtered at Uvalde. I didn’t get anything when the shooting happened at that Dallas High School. 

Yet, we get *multiple* alerts when a cop gets shot hundreds and hundreds of miles away. 

I’m ANGRY AS FUCK that we aren’t getting alerts that could actually protect us. I don’t mind the amber or silver alerts either. I keep my phone on “Do Not Disturb” at night, so I get them when I wake up.

Why not send us actual alerts when there’s a very real threat in our area?",notification management capability,"User expresses frustration about not receiving alerts for local threats, but receiving alerts for distant threats, and suggests adjusting settings to receive alerts at a more suitable time.",threat intelligence capability,"User expresses frustration about receiving alerts for distant events but not local ones, especially those involving school shootings. This comment questions the urgency and relevance of the alerts, suggesting a lack of Threat Intelligence Capability.",threat intelligence capability,The comment discusses the lack of alerts for local threats and the perceived prioritization of distant incidents over immediate dangers.,threat intelligence capability,66.67
"I didn’t either now that I think about it, and the shooter lived about 1/2 mile from me.",mapping capability,The user is providing a specific geolocation detail about the shooter's location in relation to their own location.,mapping capability,Provides geolocation details (1/2 mile from the shooter's location).,mapping capability,"The comment provides a specific distance from the location of the incident, which aligns with the Mapping Capability definition.",mapping capability,100.0
Why would you need an alert for a school shooting that’s contained inside the school? Also you do get alerts that actually protect you but you’ve just be fortunate enough to thankfully not need one yet,threat intelligence capability,"The user is questioning the relevance and usefulness of alerts for contained incidents (school shooting inside the school), and also mentions receiving alerts that protect them, implying they have been in situations where alerts were helpful.",engagement capability,"Questions the relevance and usefulness of alerts for school shootings within the school premises. Also, mentions alerts that protect but the user has not needed yet.",notification management capability,"The comment discusses the relevance and timing of alerts, questioning why alerts are issued for contained events.",threat intelligence capability,33.33
I will gladly turn my alerts back on if they can regionalize them.,notification management capability,User discusses managing/removing software and expresses willingness to turn alerts back on if they can customize the alert settings (regionalization).,notification management capability,User discusses preferences for system settings (regionalization of alerts). This matches the 'Notification Management Capability' definition.,mapping capability,"The user is discussing the ability to manage alerts based on specific regions, which aligns with the concept of 'Mapping Capability'.",notification management capability,66.67
"IDK. I lived in Amarillo a long while and turned off Amber Alerts after being alerted in the middle of the damn night multiple times, about shit happening right then in Houston and Brownsville and the like.  We need to make them more region specific",notification management capability,User discusses disabling system functionality due to receiving alerts about distant locations and at inconvenient times.,notification management capability,User discusses disabling system functionality due to non-relevant alerts and suggests regional specificity.,mapping capability,"The user discusses turning off Amber Alerts due to receiving alerts about incidents happening far away, indicating a desire for more region-specific alerts.",notification management capability,66.67
"I agree. Amber Alerts like this, even in custody situations, are important. It alerts everyone who may know the involved parties. And sometimes (more than we want admit) the abductor may have indicated they plan to harm the child.  I look at every one of these and hope I never know any of them. Silver alerts make me sad. It’s usually dementia. I went through that with my dad and MIL. Those first few times they get lost before you know to put safeguards in place are scary.",affective communication capability,"The user discusses the importance of Amber Alerts in custody situations and their emotional response to Silver Alerts, which are often related to dementia cases. They also share a personal experience with a family member who went missing.",threat intelligence capability,"Discusses the importance of Amber Alerts and their role in alerting the public, even in custody situations. Also mentions the potential danger to the child and expresses concern for such cases.",threat intelligence capability,"The comment discusses the importance of Amber Alerts, mentions potential harm to the child, and shares a personal experience related to dementia, which could be a risk factor.",threat intelligence capability,66.67
Even so there needs to be a different alert tone for alerts so you know there’s an actual emergency or just a an amber alert before you even glance at your phone.,notification management capability,"The user is suggesting a change to the notification system to differentiate between types of alerts (e.g., Amber Alerts and other alerts), implying a need for varying levels of urgency and notification tone.",notification management capability,"User suggests a change in alert tone to differentiate between emergencies and Amber alerts, improving Notification Management Capability.",notification management capability,"The comment discusses the need for distinct alert tones to differentiate between actual emergencies and Amber Alerts, suggesting a desire for better notification management to avoid unnecessary disturbances.",notification management capability,100.0
"Why is there no link to a picture included? Are only people that know them supposed to be looking?

Just seems worthless.",multimedia capability,"The user is asking for visual media (picture) to be included in the alert, which is a common request in the context of Amber Alerts.",multimedia capability,Requesting visual media and questioning the accessibility of the alert.,multimedia capability,The comment expresses dissatisfaction with the absence of a picture and questions the system's inclusivity.,multimedia capability,100.0
I mean… Amber alerts could be a possible emergency.,none,"The comment discusses the potential use of Amber alerts in emergency situations, which relates to the purpose and functionality of the system.",threat intelligence capability,Questions the urgency/threat level of Amber alerts.,keynoting capability,"The comment suggests the potential use of Amber Alerts in emergency situations, indicating a recognition of their importance.",none,33.33
"No. They're not. Incredibly sad, but true emergency alerts should be reserved for potentially life threatening events for a large group of people. Period.",affective communication capability,"The user is discussing the purpose and scope of emergency alerts, specifically suggesting that they should be reserved for life-threatening events affecting a large group of people.",threat intelligence capability,"User expresses opinion about the appropriateness of Amber Alerts and their definition as a ""true emergency alert"". This comment touches upon the urgency and relevance of the alerts, which relates to the Threat Intelligence Capability.",threat intelligence capability,"The comment discusses the appropriateness of alerts based on the severity of the event, suggesting a need for filtering or prioritizing alerts based on threat levels.",threat intelligence capability,66.67
It's not your kid so who cares.  Am I right or what?,none,"The comment expresses a lack of concern for the situation, which is unrelated to the system mechanics or capabilities of the IT system.",none,"Irrelevant and inappropriate comment, not related to system mechanics or user experience.",affective communication capability,"The comment expresses indifference towards the situation, suggesting a lack of emotional engagement.",none,66.67
"Never said that. That is why amber alerts exist. 

But there is a difference between a life threatening storm or other environmental disaster, HAZMAT situation, or large violent events to avoid and a single missing person. If the county emergency management team isn't activated, it shouldn't be an emergency alert.",threat intelligence capability,"The user discusses the purpose and scope of Amber Alerts, comparing them to other types of emergencies and suggesting a threshold for activation.",none,User argues for the purpose of Amber Alerts and differentiates between emergency situations and single missing persons. This comment does not directly discuss any specific IT capabilities.,threat intelligence capability,"The comment discusses differentiating between various types of alerts and their relevance, touching on the prioritization of alerts based on severity and impact.",threat intelligence capability,66.67
"I'm sorry that you're super important life was disrupted for 4 seconds because a child is in danger.    

You probably disabled amber alerts because you don't give a fuck about other people's children and you are super mad that you still got an alert about a CHILD IN DANGER. Get over yourself.  You are not that important.",affective communication capability,"The comment expresses frustration and anger towards users who disabled Amber Alerts, implying they don't care about the safety of others, especially children in danger.",notification management capability,User expresses frustration about receiving Amber Alerts and questions the importance of others' safety. This comment relates to Notification Management Capability.,affective communication capability,"The comment expresses strong emotions and a sense of moral judgment about the user's decision to disable Amber Alerts, suggesting a lack of empathy for the situation of a child in danger.",affective communication capability,66.67
Mildly shot?   He was shot multiple times and airlifted.  He was also the Chief of Police,threat intelligence capability,"The comment provides specific details about the severity of the injury (shot multiple times) and the victim's status (Chief of Police), which implies a high level of urgency and importance.",keynoting capability,Provides details about the severity of an incident (Mildly shot vs. multiple times). Also mentions the role of the individual involved (Chief of Police).,threat intelligence capability,"The comment provides additional details about the severity of an incident, which aligns with the Threat Intelligence Capability as it flags the level of threat or urgency.",threat intelligence capability,66.67
It’s a tragedy that an officer let alone a chief of police was shot but that doesn’t warrant blasting an alert in the middle of the night to 30 million people.,threat intelligence capability,"The user is discussing the appropriateness of sending alerts, specifically in relation to the urgency and relevance of the situation.",none,"User expresses opinion about the appropriateness of sending alerts, not related to system mechanics.",notification management capability,"The comment discusses the appropriateness of sending an alert at a specific time (middle of the night) and the number of people affected, indicating concerns about notification management and possibly the threat level.",threat intelligence capability,33.33
"A) I'm not sure which one you're referring to, the most recent is one of many and B) while I was being facetious, it doesn't matter to me that he was the chief of police",keynoting capability,"The user is discussing the relevance and context of a specific case, and also mentions a secondary piece of information about the person involved (being the chief of police).",none,User questions the specificity of the alert (A) and expresses indifference towards the person's position (B). The comment does not directly relate to any IT capabilities.,keynoting capability,"The comment discusses the ambiguity of identifying a specific alert among many, which aligns with the need for clear identification or 'Keynoting' capability.",keynoting capability,66.67
You lack compassion,affective communication capability,"The comment expresses an emotional tone and a negative sentiment towards the system or its users, but it does not provide any specific details about the system's functionality or mechanics.",none,Comment does not provide any information related to IT capabilities or system mechanics. It is an emotional response and does not fit any of the defined categories.,affective communication capability,This comment reflects a negative sentiment towards the system's ability to evoke empathy or emotional response.,affective communication capability,66.67
"I don't lack compassion. I feel bad when I hear about all shootings and robberies. But I'm also pragmatic. That alert didn't help the officer. Texas runs on people, people who need to sleep because they have work and school and caregiving the next day.",affective communication capability,"The user expresses empathy for the victims of crimes but also highlights the potential drawbacks of the alert system, specifically the disturbance it causes to people's daily lives.",affective communication capability,"The comment expresses emotional tone and motivation, but it does not directly relate to the system's capabilities or functionalities. It discusses the user's feelings towards crime incidents and their pragmatic approach to Amber Alerts.",affective communication capability,"The comment expresses empathy (""I feel bad"") but also emphasizes the practical implications of receiving alerts (""That alert didn't help the officer""). It highlights the need for people to sleep and attend to their responsibilities.",affective communication capability,100.0
"So do you want to be woken up every time a Texan is shot overnight? Why does the victim's job change anything? If you only care about one type of person, where is the compassion in that?

We can read about it in the news the next day, or not. Just like the many, many other Texans who are injured by violence every day.",none,"The user is discussing the purpose and scope of the system, questioning the relevance of specific details (job of the victim) and the overall value of receiving alerts for certain types of incidents.",none,"User expresses concern about the frequency and selectivity of alerts, questioning the system's fairness and compassion. This comment does not directly relate to any specific IT capability.",notification management capability,"The comment discusses the frequency and relevance of notifications, questioning why certain alerts are sent and whether they are necessary. It also touches on the emotional aspect of receiving such alerts and the broader impact on the community.",none,66.67
"First of all, I have compassion for all people but, if you can’t understand why a law enforcement officer being shot and/or killed is a more serious/egregious offense than there’s nothing else to talk about here.  

I’m a data guy.  I don’t have the data as it relates to these alerts but if the data supports they are more effective at helping catch criminals, then I’m willing to be woken up as many times as necessary",threat intelligence capability,"The user expresses emotional understanding and willingness to be notified about serious crimes, specifically mentioning law enforcement officers being shot or killed, which implies a higher threat level.",affective communication capability,"User expresses emotional tone and motivation, but not related to the system's mechanics or capabilities. The comment is more about the priority of alerts and the importance of law enforcement.",threat intelligence capability,"The comment discusses the prioritization of alerts based on severity (shooting/killing vs. other offenses), indicating a concern for threat levels and urgency.",threat intelligence capability,66.67
"A police chief being shot during a robbery is not a public safety risk to the entire state. What good did it do to let me know in the middle of the night when I am 500 miles away?

Compassion-wise, no, an injury to a cop is not more important than the child who got shot on Halloween in Rockwall, the woman who was shot and killed in South Dallas this week, or the grandmother and child killed by a likely drunk driver. Legally, of course, it is a higher crime, but you specifically mentioned compassion. 

I would argue that that specific event has done enough to ensure that these alerts have very little consequence from here on out. So many people just turned them off completely after pre dawn state wide alert.",notification management capability,"User discusses disabling system functionality due to perceived irrelevance and disturbance, and mentions the impact on others who have turned off alerts.",engagement capability,"User questions the relevance of the alert and its impact on public safety, expressing frustration about receiving alerts far from the incident location. The user also compares the importance of the alert to other incidents, suggesting a lack of empathy.",notification management capability,"The comment discusses the relevance and importance of alerts based on compassion and distance, questioning the utility of receiving alerts for events that are not directly related to the user's immediate safety or concern.",notification management capability,66.67
My compassion is asleep at 4am.,notification management capability,"The user is expressing a negative emotional response to receiving alerts at an inconvenient time, which is related to the system's notification management.",affective communication capability,Comment expresses emotional tone related to being disturbed by the alert at an inconvenient time. This matches the definition of Affective Communication Capability.,affective communication capability,"This comment expresses a lack of emotional response at a specific time, indicating a disruption in the system's ability to evoke an emotional reaction.",affective communication capability,66.67
100% tragic. Very sad. What can I do about it 400 miles away in Dallas County at 4am?,helping capability,"The user expresses emotional support and asks for guidance on what to do in a situation 400 miles away, indicating a desire to help but also a lack of clear understanding of their role.",affective communication capability,Expresses empathy and asks for guidance on what to do.,affective communication capability,"The comment expresses emotional distress and asks for guidance on what to do, indicating a need for support and action.",affective communication capability,66.67
people 500 miles away across the state had no reason to give a shit about the guy fleeing in a small town on foot,mapping capability,The comment discusses the relevance of the alert to people's location and their willingness to engage with it.,engagement capability,"Comment suggests that people far away from the incident are not concerned, indicating a lack of engagement.",mapping capability,"The comment discusses the relevance and distance of the alert, indicating a concern about the geographical scope of the alert.",mapping capability,66.67
"Doesn't matter even if the officer was shot and killed and the perpetrator is on the run. 

People do not need to be informed that live even 50 miles away via an emergency alert system on cell phones.",notification management capability,The user is discussing the potential misuse of the emergency alert system and the need for discretion in alerting people who are far away from the incident.,mapping capability,User expresses disapproval of emergency alerts for events that are geographically distant. This comment relates to the Mapping Capability as it discusses the relevance of distance in the context of alerts.,mapping capability,The comment discusses the relevance and necessity of alerts based on distance and the severity of the situation.,mapping capability,66.67
"I wouldn't mind them if they were localized, but this state is too big to blast them out to everyone. What the fuck am I supposed to do about a possible child abduction 400 miles away? Jump in my car like I'm Batman then head on over to some place I've never heard of and start looking?",mapping capability,"User discusses the relevance and effectiveness of geolocation-based alerts, specifically complaining about being notified about a distant event.",engagement capability,User expresses frustration about non-localized alerts and lack of actionability.,mapping capability,"The comment expresses frustration with the system's lack of geofencing or localization, suggesting that alerts should be more targeted to specific areas rather than being sent out to everyone regardless of distance.",mapping capability,66.67
[Yes. Like in this classic.](https://youtu.be/Q_Ek1nWndTg?si=0-_bbcPVXSnOSWD3),multimedia capability,"The user is sharing a link to a video, which is a form of multimedia content.",none,"Comment is a reference to a YouTube video, not related to IT Capabilities.",multimedia capability,"The comment includes a link to a video, which aligns with the Multimedia Capability definition.",multimedia capability,66.67
Thank you for this 🤣,affective communication capability,"The comment expresses gratitude and a lighthearted tone, which is a form of emotional expression.",none,"Conversational noise, expressing amusement.",none,"This comment is a humorous reaction, unrelated to the system's capabilities or functionalities.",none,66.67
The town is 30-40 minutes south of Dallas…,mapping capability,Specific geolocation details.,mapping capability,Provides specific geolocation details.,mapping capability,"The comment provides specific geolocation details, which aligns with the Mapping Capability definition.",mapping capability,100.0
"And this probably isn’t even a valid Amber Alert either. Reads like a custody dispute situation, not actual stranger danger abduction. 
Also ditto on daylight savings…why the hell are we still doing this shit?",threat intelligence capability,"User discusses the validity of the alert and its potential to be a custody dispute, which implies a lack of urgency or threat level.",threat intelligence capability,Questions the validity of the alert and its relevance to a true abduction case. The comment also expresses frustration about daylight savings time.,threat intelligence capability,"The comment discusses the validity of the alert and suggests it might be a custody dispute rather than a stranger danger abduction, indicating a form of threat intelligence or verification.",threat intelligence capability,100.0
Ever since the Amber Alert system was implemented I’ve only received one that was not a custody dispute.  That’s less than 1%,none,"The user is discussing the effectiveness of the Amber Alert system, specifically mentioning the low percentage of non-custody disputes among the alerts they've received.",none,"User discusses the frequency of alerts received, implying a comment on the relevance and usefulness of the system. This comment does not directly mention any specific IT capabilities but touches upon the effectiveness of the system.",keynoting capability,"The comment discusses the effectiveness and relevance of the Amber Alert system, specifically noting a low percentage of non-custody disputes.",none,66.67
Now less than 1% of the public even has amber alerts turned on lmao,notification management capability,"User discusses the percentage of people who have Amber Alerts turned on, which implies they are talking about the system's functionality and user engagement.",notification management capability,User discusses disabling system functionality (matches 'Turned alerts off' snippet).,notification management capability,"The comment discusses the percentage of people who have Amber Alerts turned on, indicating a discussion around system settings or user behavior.",notification management capability,100.0
[deleted],none,"The comment is deleted, which means it's not providing any useful information for analysis.",none,"The comment is deleted, making it impossible to determine the exact content. However, it could potentially fall under any category if it contained relevant information.",none,"The comment is deleted, indicating it may have been inappropriate or irrelevant.",none,100.0
you’re a good teacher. I’m glad people like you exist,affective communication capability,"The comment expresses appreciation and gratitude towards the teacher, indicating a positive emotional tone.",affective communication capability,"The comment expresses positive sentiment towards the teacher, which aligns with the definition of Affective Communication Capability. However, it does not directly relate to the IT capabilities of the system.",helping capability,"This comment is expressing gratitude and support, which aligns with the definition of 'Helping Capability' as it provides positive reinforcement and guidance.",affective communication capability,66.67
Unfortunately at least one of those custody disputes resulted in the death of a child.,keynoting capability,"The comment discusses a serious consequence of a custody dispute, which is a critical detail related to the topic of the system (child safety and custody disputes).",threat intelligence capability,"Discusses a case that ended in a child's death, which can be considered a threat or danger to a child. This comment is related to the Threat Intelligence Capability.",threat intelligence capability,"This comment discusses a tragic outcome related to a custody dispute, which could be seen as a threat or urgent situation.",threat intelligence capability,66.67
"Yeah that is my thinking. Just because they’re with a parent, does not mean they’re necessarily safe.",threat intelligence capability,The comment discusses the context of the situation (child with a parent) and infers a potential threat level.,keynoting capability,"Infers context about the people involved, questioning the safety of a child with a parent.",None,"The comment discusses the safety of a child, suggesting a need for caution and verification before assuming safety.",threat intelligence capability,33.33
"The problem is, most people don’t view custodial disputes as their concern. So it has the effect of causing people to ignore it entirely.",affective communication capability,"The comment discusses the impact of people's perception on their engagement with the system, which is related to how users interact with the system, but it does not directly relate to any of the system mechanics or capabilities.",engagement capability,Discusses the lack of engagement from users due to perceived lack of personal concern. This is related to the Engagement Capability.,engagement capability,"This comment discusses the lack of engagement from the public regarding a specific issue, suggesting a need for better communication or awareness to encourage involvement.",engagement capability,66.67
I understand that.,none,"The comment is a neutral acknowledgment, but it does not contain any specific details or requests related to the IT capabilities listed.",none,Comment does not provide any specific information about the IT capabilities. It seems to be a simple acknowledgement or agreement.,engagement capability,"This comment is a simple acknowledgment or agreement, indicating a basic level of understanding or comprehension.",none,66.67
Just curious how do you know that there was only one that wasn’t a custody dispute?,helping capability,"The user is asking for clarification on the context of the case, which implies they are seeking guidance or more information about the situation.",helping capability,User is asking for more information or clarification about the case. This matches the 'Helping Capability' definition as it involves guidance and instructions on what to do.,None,"The comment is asking for clarification on the source of information, indicating a need for verification or validation of the reported information.",helping capability,66.67
"https://www.dps.texas.gov/section/finance/dps-agency-strategic-plan

This seems to be an archive of them",none,"The user is sharing a link to an archive of the DPS (Department of Public Safety) agency strategic plan, which is unrelated to the system mechanics or features of the alert system.",none,"User is providing a link to an archive of the agency's strategic plan, which does not relate to the IT capabilities of the system.",other capability,"The comment refers to a link and mentions an archive, indicating a technical issue with the link or content.",none,66.67
"Its always a damn domestic dispute. An amber alert should be reserved for an actual unknown kidnapping. As soon as I see the victims name and the suspects name match I just ignore it. 

The system needs a re-work.",other capability,"User discusses the system's functionality and suggests a change to its usage, specifically questioning the effectiveness of Amber Alerts in domestic disputes.",reporting capability,"User expresses dissatisfaction with the system's criteria for issuing alerts, suggesting a need for improvement.",notification management capability,"The user discusses the system's functionality, suggesting improvements and expressing dissatisfaction with current settings.",other capability,33.33
"I know a family that was going through a custody battle, the wife was staying at a hotel, the husband came for a “child visit”, stabbed her to death then fled the scene with one of the children while the other had locked themselves in the bathroom and was trying to call 9-1-1.  Because it was a hotel, the child didn’t know they had to dial out first and valuable time was lost.  Someone saw them, several counties away, after seeing the amber alert, called it in and the police were able to arrest him before he could harm anyone else.  Additionally, it is no longer legal to require a dial-out prior to calling 9-1-1.

I don’t think you should judge the severity of an amber alert based on the last names of those involved being the same.  It could be a murder, or a child in real danger, not just some “damn domestic dispute.”",affective communication capability,"The comment discusses a real-life scenario where an Amber Alert was effective in saving a child's life, and the importance of not judging the severity of an Amber Alert based on the last names of those involved.",threat intelligence capability,"Provides a detailed narrative of a real-life incident involving a crime, Amber Alert, and its impact. The comment also discusses the importance of Amber Alerts in such situations.",threat intelligence capability,"The comment discusses a situation where an Amber Alert was crucial in preventing further harm, highlighting the importance of the alert system in identifying and locating a child in danger.",threat intelligence capability,66.67
But statistically it *is* a damn domestic dispute and *that* is the problem. Abuse of the system has made it so that no one pays the slightest bit of attention to these alerts.,none,"The comment discusses the context of the situation (domestic dispute) and the issue of abuse of the system, which is not directly related to the system mechanics or capabilities.",threat intelligence capability,"User discusses the misuse of the system, questioning its effectiveness due to false alarms. This comment is related to the Threat Intelligence Capability as it touches upon the urgency and importance of the alerts.",affective communication capability,"The comment discusses the issue of abuse of the system and lack of attention due to it, which relates to the effectiveness and credibility of the alerts.",none,33.33
"Seeing these insensitive opinions that amber alerts involving children and family members are an “abuse of the system” is just sad. I want to know when any child is missing so that if I do spot them, I can help by reporting it. 

Just because a parent or family member may be the one absconding with a child does not make the amber alert less valid. There are many people who have lost custody of their children. There are parents that do have custody while being a real danger to their biological children. A lot of kidnappings and assaults are committed by trusted adults, like parents and family members that could share a last name with the child in danger.",affective communication capability,"The user is discussing the purpose and effectiveness of Amber Alerts, specifically highlighting the importance of receiving alerts about missing children, even if the abductor is a family member.",helping capability,"Discusses the importance of Amber Alerts and the need for community involvement in reporting. Argues against the notion that Amber Alerts are an ""abuse of the system"" and emphasizes the need to help find missing children, even if they are family members.",helping capability,"The comment discusses the importance of Amber Alerts and the need to report missing children, emphasizing the validity of alerts regardless of the perpetrator's relationship to the child. It also highlights the potential danger posed by trusted adults.",helping capability,66.67
It's an abuse. Some real cases exist but most are family squabbles. That's why it's disappointing.,none,"The comment discusses the misuse or false reporting of Amber Alerts, implying that most cases are not genuine emergencies but rather family disputes.",none,"User expresses an opinion about the nature of Amber Alerts, suggesting that many are not genuine cases but family disputes. This comment does not directly relate to any specific IT Capability.",None,"The comment discusses the authenticity and relevance of the alerts, suggesting a need for better verification and filtering mechanisms.",none,66.67
